document_id,title,department,protocol_version,effective_date,expiry_date,confidentiality_level,allowed_roles,document_content,created_at,updated_at,status
DOC-INF-001,Infection Control & Disinfection Protocol,Infectious Diseases,2.1,2026-01-15,2027-01-15,PUBLIC,"[""Admin"", ""Hospital Manager"", ""Doctor"", ""Nurse"", ""Receptionist"", ""Intern""]","Standard operating procedures for hand hygiene, surface sterilization, personal protective equipment (PPE) donning/doffing, and isolation chamber sanitization across all clinical wards.",2026-10-03T15:36:47.109066,2026-10-03T15:36:47.109066,ACTIVE
DOC-MED-002,Medication Administration & Controlled Substances Protocol,Pharmacy & Nursing,3.0,2026-02-01,2027-02-01,INTERNAL,"[""Admin"", ""Hospital Manager"", ""Doctor"", ""Nurse""]","Guidelines for double-signoff verification on Schedule II narcotic dispensing, automated Pyxis medstation access credentials, and pediatric dosage calculation safeguards.",2026-10-03T15:36:47.109066,2026-10-03T15:36:47.109066,ACTIVE
DOC-EMG-003,Emergency Disaster Response & Trauma Activation Protocol,Emergency,1.8,2025-11-10,2026-11-10,PUBLIC,"[""Admin"", ""Hospital Manager"", ""Doctor"", ""Nurse"", ""Receptionist"", ""Intern""]","Mass casualty triage code responses (Code Blue, Code Red, Code Amber), trauma surge capacity allocation, and emergency inter-facility patient transport coordination.",2026-10-03T15:36:47.109066,2026-10-03T15:36:47.109066,ACTIVE
DOC-TRN-004,Inter-Ward Patient Transfer & Handover Protocol,Nursing Operations,2.0,2026-03-01,2027-03-01,INTERNAL,"[""Admin"", ""Hospital Manager"", ""Doctor"", ""Nurse""]","SBAR (Situation, Background, Assessment, Recommendation) framework for transferring telemetry and ICU patients to step-down care units.",2026-10-03T15:36:47.109066,2026-10-03T15:36:47.109066,ACTIVE
DOC-HND-005,Shift Handover & Critical Patient Sentinel Report,ICU & Surgery,4.2,2026-04-10,2026-10-10,CONFIDENTIAL,"[""Admin"", ""Hospital Manager"", ""Doctor""]","End-of-shift handover procedures containing sensitive clinical alerts, pending lab culture notifications, and critical patient status reviews.",2026-10-03T15:36:47.109066,2026-10-03T15:36:47.109066,ACTIVE
DOC-ICU-006,ICU Sepsis Management & Ventilator Bundle Protocol,ICU,3.5,2026-05-01,2027-05-01,CONFIDENTIAL,"[""Admin"", ""Hospital Manager"", ""Doctor"", ""Nurse""]","Intensive Care protocol for severe sepsis resuscitation, central line-associated bloodstream infection (CLABSI) prevention, and mechanical ventilation weaning criteria.",2026-10-03T15:36:47.109066,2026-10-03T15:36:47.109066,ACTIVE
DOC-LAB-007,Laboratory Sample Handling & Biohazard Security Protocol,Pathology,1.5,2026-01-20,2027-01-20,INTERNAL,"[""Admin"", ""Hospital Manager"", ""Doctor"", ""Nurse"", ""Receptionist""]","Standard chain of custody for high-consequence pathogen samples, pneumatic tube transport restrictions, and centrifuging containment safety.",2026-10-03T15:36:47.109066,2026-10-03T15:36:47.109066,ACTIVE
DOC-AUD-008,Internal Incident Investigation & Sentinel Malpractice Review,Clinical Risk Management,1.0,2026-06-01,2027-06-01,HIGHLY_CONFIDENTIAL,"[""Admin""]","Root cause analysis report on internal medication administration errors, staff peer review depositions, and legal risk assessment documentation.",2026-10-03T15:36:47.109066,2026-10-03T15:36:47.109066,ACTIVE
DOC-INF-000,Infection Control & Disinfection Protocol,Infectious Diseases,1.0,2024-01-01,2025-12-31,PUBLIC,"[""Admin"", ""Hospital Manager"", ""Doctor"", ""Nurse"", ""Receptionist"", ""Intern""]",Outdated disinfection standards superseded by protocol DOC-INF-001 (v2.1).,2026-10-03T15:36:47.109066,2026-10-03T15:36:47.109066,SUPERSEDED
